,0,1,2,3,4,5,6,A
0,L,M,M,M,L,M,H,M
1,H,L,L,L,H,M,L,L
2,M,H,M,M,L,L,H,M
3,H,L,H,L,L,M,L,L
4,H,L,M,M,H,H,M,L
5,M,L,H,M,H,L,L,L
6,M,H,H,L,H,L,H,M
7,H,M,M,L,M,H,H,L
8,H,H,M,M,H,H,H,M
9,L,L,H,L,H,H,L,L
10,L,L,H,H,M,H,M,L
11,H,H,M,L,M,H,M,M
12,M,H,M,H,M,L,L,H
13,H,H,L,M,L,M,L,H
14,L,H,H,L,H,M,M,M
15,H,H,M,H,H,L,L,H
16,H,M,H,L,M,M,L,L
17,H,L,M,H,H,H,M,M
18,M,H,M,L,M,H,H,M
19,L,M,L,H,L,M,L,M
20,L,L,M,M,L,L,H,M
21,M,M,M,H,H,L,L,H
22,H,H,H,H,L,H,H,M
23,L,M,L,M,M,L,L,M
24,L,H,M,L,L,L,M,M
25,M,M,L,L,M,H,M,L
26,M,M,H,H,H,L,H,M
27,M,L,H,L,H,M,M,L
28,H,L,M,H,M,H,L,L
29,H,H,L,M,H,H,M,H
30,M,M,L,M,M,H,M,M
31,M,L,H,L,M,H,L,L
32,M,M,M,L,H,M,M,L
33,M,H,H,H,L,L,H,H
34,H,H,H,M,H,M,M,H
35,H,M,H,M,M,M,H,M
36,L,L,M,M,L,M,M,L
37,H,L,H,M,L,H,M,L
38,H,H,L,L,H,M,L,H
39,L,H,M,M,L,L,L,H
40,H,M,H,H,H,L,H,M
41,H,L,H,H,L,L,M,M
42,L,M,M,L,M,H,M,L
43,M,H,L,H,H,L,M,H
44,L,M,L,L,L,H,H,M
45,L,L,M,H,M,M,L,L
46,L,H,H,L,L,L,M,M
47,H,L,H,L,L,L,M,M
48,H,H,H,H,L,L,L,H
49,H,M,M,L,H,M,H,L
50,M,H,L,L,H,L,H,M
51,L,M,M,L,M,M,M,L
52,L,H,H,L,M,L,H,L
53,H,M,M,H,M,H,M,M
54,L,M,M,M,H,L,M,M
55,M,L,H,H,H,H,H,L
56,M,H,M,M,L,M,M,M
57,H,M,M,L,M,L,H,M
58,L,M,L,L,M,M,M,L
59,L,H,M,M,M,L,L,H
60,L,L,H,L,L,H,H,L
61,M,L,L,H,M,H,M,M
62,M,L,L,H,M,M,L,M
63,H,M,M,M,H,H,L,M
64,M,L,L,L,M,M,M,L
65,M,L,M,H,H,M,H,M
66,M,L,H,H,L,L,M,M
67,M,L,H,M,M,M,L,L
68,L,M,L,M,L,M,L,L
69,L,M,H,M,H,H,L,L
70,H,M,H,M,M,H,L,M
71,L,M,H,M,L,H,M,L
72,L,M,H,L,L,H,H,L
73,M,M,H,H,M,H,L,M
74,H,M,L,H,M,L,L,H
75,L,M,H,H,M,M,M,L
76,M,M,L,L,L,H,M,L
77,H,L,H,H,M,H,L,L
78,M,L,M,L,M,M,M,L
79,H,H,M,H,H,M,H,H
80,H,H,H,L,L,M,H,M
81,L,H,M,L,L,H,M,M
82,H,H,M,M,H,L,H,H
83,M,H,L,L,L,M,H,M
84,H,L,H,M,L,M,M,M
85,M,M,L,H,L,H,L,M
86,L,L,H,H,M,H,H,L
87,M,L,H,L,L,H,M,L
88,M,L,L,H,H,L,M,M
89,H,H,M,L,H,M,H,M
90,H,L,H,M,H,M,H,M
91,M,L,L,H,H,H,L,L
92,H,M,H,M,H,M,M,L
93,L,H,L,L,M,H,M,M
94,M,L,H,L,L,H,L,L
95,M,H,M,H,H,M,H,H
96,L,M,M,L,M,H,L,L
97,M,M,H,L,L,M,H,M
98,L,M,M,L,H,M,H,L
99,M,L,H,M,L,L,M,M
100,L,L,H,H,L,M,M,L
101,M,L,L,M,M,H,H,M
102,L,M,M,H,H,H,M,M
103,L,L,H,L,L,M,L,L
104,M,M,H,L,L,L,L,L
105,H,L,H,M,M,H,L,L
106,M,L,M,M,H,L,L,L
107,H,H,L,H,H,L,H,H
108,M,H,L,H,H,H,L,H
109,H,L,M,H,H,H,H,M
110,H,H,L,L,M,H,L,H
111,M,L,L,M,L,H,M,M
112,H,M,L,H,H,M,L,H
113,L,L,H,M,H,L,M,L
114,L,M,H,L,L,L,M,L
115,L,H,M,L,L,H,H,L
116,L,L,M,M,L,L,L,M
117,L,M,M,M,H,H,H,L
118,H,H,M,M,M,M,L,H
119,M,H,H,L,L,M,L,H
120,M,L,M,H,H,M,M,L
121,M,M,M,L,L,L,H,M
122,L,H,L,H,M,M,L,H
123,M,H,H,M,M,M,L,H
124,L,M,L,L,M,L,M,L
125,L,H,M,M,L,M,H,M
126,H,L,M,M,M,L,H,M
127,M,M,M,H,M,H,M,M
128,H,M,H,M,L,L,H,M
129,H,H,H,L,M,L,H,M
130,L,L,L,L,M,H,M,L
131,M,H,L,H,H,M,L,H
132,H,L,H,H,H,M,L,L
133,H,H,H,H,H,M,L,H
134,M,M,L,L,M,M,L,M
135,L,L,M,M,M,H,H,M
136,L,L,M,L,L,L,M,L
137,L,L,M,M,H,H,H,L
138,L,L,L,L,M,M,L,L
139,H,M,L,M,M,L,H,M
140,L,M,H,H,L,L,H,M
141,M,M,L,H,L,H,M,M
142,L,L,M,L,M,L,M,L
143,L,M,M,H,L,H,H,M
144,L,L,M,M,L,H,L,L
145,L,H,M,L,H,L,L,H
146,M,M,H,L,M,H,H,L
147,H,L,M,L,L,M,H,M
148,L,H,L,H,H,H,L,H
149,L,H,L,M,H,M,H,H
150,L,L,L,L,H,M,L,L
151,M,M,H,H,L,M,L,M
152,M,L,M,H,M,L,L,M
153,H,L,M,L,H,L,L,L
154,M,H,H,L,M,H,L,H
155,H,M,H,M,H,L,M,L
156,L,H,L,M,M,H,L,H
157,M,M,M,M,L,L,L,M
158,H,H,L,L,H,H,H,M
159,H,M,L,L,M,M,H,M
160,M,M,H,H,H,H,L,M
161,M,H,L,M,H,H,L,H
162,H,H,L,L,H,M,H,M
163,M,H,H,M,L,H,H,M
164,L,M,M,H,L,L,H,M
165,H,H,M,H,L,M,L,H
166,H,H,H,L,L,M,L,H
167,H,M,L,L,H,L,H,L
168,M,L,H,L,L,L,H,M
169,L,M,H,L,M,H,M,L
170,H,M,M,H,M,L,H,M
171,M,L,M,M,M,H,M,L
172,L,L,L,M,L,H,H,M
173,L,L,H,H,L,H,M,L
174,M,H,L,M,H,L,L,H
175,H,M,L,L,L,H,M,L
176,L,H,L,H,L,H,H,H
177,L,M,H,L,H,L,M,L
178,H,H,M,H,M,H,M,H
179,M,L,L,M,L,M,L,L
180,H,L,L,H,H,M,H,M
181,H,M,H,H,H,M,L,H
182,H,H,L,L,M,M,L,H
183,H,H,H,H,M,H,M,H
184,M,M,M,M,L,H,M,L
185,M,H,H,H,H,H,H,H
186,L,H,H,L,H,L,M,H
187,H,L,L,M,M,L,L,M
188,H,L,M,H,H,M,M,M
189,L,L,M,M,L,H,M,L
190,L,L,M,L,H,M,M,L
191,L,L,L,H,L,L,M,M
192,H,H,M,L,M,M,L,H
193,H,H,H,L,M,M,M,M
194,L,L,H,H,M,L,M,M
195,M,L,H,H,H,M,H,L
196,M,M,H,L,H,L,H,L
197,H,M,M,M,L,L,L,M
198,L,H,H,M,M,M,H,M
199,L,L,L,H,L,H,L,L
200,L,M,H,M,H,M,L,M
201,L,M,L,H,M,H,H,M
202,L,L,M,H,H,M,L,L
203,H,L,H,H,M,H,H,M
204,H,L,H,H,H,M,H,M
205,H,H,L,M,M,M,H,M
206,M,M,L,M,M,M,H,M
207,M,M,H,L,L,H,L,L
208,L,L,H,M,M,L,L,L
209,L,L,M,L,L,L,H,M
210,L,M,L,M,M,L,H,M
211,L,L,H,L,H,L,L,L
212,H,H,H,M,M,L,H,M
213,H,H,M,L,L,H,L,H
214,L,H,H,M,M,H,H,M
215,H,H,H,H,L,M,L,H
216,M,M,M,L,H,H,L,L
217,M,H,H,M,L,M,L,H
218,M,H,L,H,M,M,L,H
219,M,M,M,M,L,M,M,M
220,M,H,M,H,M,M,L,H
221,H,H,L,L,M,L,L,H
222,H,H,L,H,L,L,L,H
223,M,L,L,H,M,L,L,M
224,H,M,H,H,M,L,H,M
225,H,M,L,M,L,M,M,M
226,H,H,L,L,M,M,H,M
227,M,M,L,M,H,L,M,L
228,M,M,H,L,M,H,M,L
229,H,L,M,M,L,H,M,L
230,H,M,M,M,L,L,M,M
231,L,M,L,M,L,H,H,M
232,M,H,L,M,M,M,L,H
233,L,H,M,H,L,M,M,H
234,L,H,L,M,L,H,H,M
235,H,L,M,M,L,L,H,M
236,L,H,L,H,M,L,H,H
237,L,M,M,M,M,L,M,L
238,H,H,H,M,M,L,M,H
239,H,H,L,M,M,M,L,H
240,H,L,H,M,H,H,L,L
241,L,M,L,L,M,L,L,L
242,M,L,M,L,L,L,M,M
243,L,M,M,M,L,L,H,M
244,L,M,M,M,L,H,M,L
245,L,M,M,H,H,M,M,M
246,L,L,H,L,L,L,H,M
247,L,L,H,L,H,L,M,L
248,M,H,L,M,L,M,L,H
249,M,H,M,H,L,M,L,H
250,L,L,M,L,L,H,H,M
251,L,H,H,M,M,M,M,H
252,L,H,M,M,M,H,M,M
253,H,H,L,H,H,H,L,H
254,M,H,L,M,H,H,H,M
255,H,M,L,H,H,L,H,M
256,L,M,L,M,H,L,L,H
257,M,M,H,M,M,M,L,L
258,M,L,L,M,H,M,L,L
259,H,H,H,M,M,L,L,H
260,L,M,L,M,M,M,M,L
261,M,M,H,L,M,H,L,L
262,H,H,M,L,L,H,M,M
263,H,M,H,M,L,H,L,M
264,H,L,H,L,H,H,H,L
265,H,L,H,L,M,H,H,M
266,L,H,M,M,M,M,M,H
267,L,H,H,L,H,L,H,M
268,H,H,H,H,M,L,M,H
269,H,M,M,M,L,H,L,M
270,L,H,H,L,L,H,M,M
271,L,H,M,M,L,M,L,H
272,M,L,H,M,M,H,L,L
273,H,L,H,H,H,M,M,M
274,L,M,M,H,M,H,L,M
275,H,L,M,M,H,H,H,M
276,L,M,H,H,M,L,L,H
277,H,M,L,H,H,H,M,M
278,L,M,L,H,H,L,M,H
279,M,L,H,L,L,L,L,L
280,L,H,H,H,M,L,L,H
281,L,L,M,H,L,L,M,M
282,M,H,L,M,L,L,L,H
283,M,H,L,M,M,H,H,M
284,H,L,M,L,L,H,M,L
285,H,H,H,L,H,L,H,M
286,M,L,H,M,H,H,H,L
287,L,M,L,L,L,L,L,L
288,M,H,H,L,H,H,L,H
289,L,L,M,H,L,H,H,M
290,M,M,L,M,L,M,H,M
291,H,H,H,H,M,M,M,H
292,H,M,L,M,M,H,H,M
293,L,H,M,M,L,H,M,M
294,L,M,H,M,H,M,H,L
295,L,M,H,M,H,M,M,L
296,H,M,L,M,L,M,L,M
297,M,M,M,L,H,M,H,L
298,H,M,H,L,H,L,M,L
299,H,L,H,H,L,H,M,M
300,H,M,M,H,L,L,M,M
301,L,M,M,H,L,M,L,M
302,M,M,H,L,L,M,L,L
303,L,H,M,L,L,L,H,M
304,L,M,L,M,L,M,M,L
305,H,L,H,L,L,M,M,L
306,H,L,H,H,L,H,L,L
307,M,L,M,H,M,L,H,M
308,H,L,H,M,H,H,H,M
309,H,H,L,H,M,M,M,H
310,H,M,M,H,H,M,M,M
311,L,L,M,H,H,H,M,L
312,M,M,M,H,M,L,H,M
313,L,M,H,M,L,M,M,L
314,L,L,H,M,L,L,H,M
315,H,L,M,M,M,L,L,M
316,H,L,L,L,M,H,M,L
317,H,H,L,M,L,H,L,H
318,H,L,L,H,M,H,M,M
319,M,M,L,L,H,M,M,L
320,H,M,M,L,M,M,H,M
321,M,M,H,L,H,M,L,L
322,M,M,H,M,H,M,L,M
323,M,L,L,M,M,M,M,M
324,H,L,H,L,H,H,M,L
325,H,L,L,M,H,H,L,L
326,M,H,M,M,H,L,L,H
327,H,H,H,M,M,M,M,H
328,L,L,H,M,M,M,H,L
329,M,H,L,H,H,L,H,H
330,L,M,L,M,H,H,M,L
331,H,H,M,H,M,L,M,H
332,H,L,L,L,H,M,M,L
333,H,L,M,H,L,L,L,M
334,H,M,H,M,L,L,M,M
335,L,L,M,H,L,M,H,M
336,M,H,L,L,M,L,L,H
337,M,M,M,M,H,L,H,L
338,L,H,M,M,M,L,M,H
339,H,L,H,H,M,L,L,M
340,H,L,H,H,H,L,M,M
341,L,L,L,L,M,H,H,M
342,M,H,L,M,L,M,M,M
343,M,H,H,H,L,H,H,M
344,H,M,L,H,L,H,L,M
345,H,L,M,M,H,L,H,M
346,H,L,H,L,H,M,M,L
347,H,M,H,M,L,L,L,M
348,L,L,L,L,H,L,L,L
349,L,M,M,H,L,H,M,L
350,M,L,M,M,H,M,M,L
351,L,L,H,M,H,M,H,L
352,L,L,M,H,H,L,L,M
353,H,M,H,H,L,M,M,M
354,M,H,M,M,M,M,M,H
355,M,M,H,M,M,H,M,L
356,L,M,H,M,M,H,L,L
357,H,L,H,L,M,M,H,M
358,L,M,H,H,M,H,L,M
359,M,L,M,L,M,L,H,M
360,H,M,H,H,M,M,H,M
361,M,L,M,H,L,M,M,M
362,H,M,L,M,L,L,H,M
363,H,L,H,M,L,M,H,M
364,L,H,H,M,H,M,M,H
365,L,L,H,L,M,M,L,L
366,L,H,H,H,H,M,L,H
367,M,M,L,M,L,M,M,M
368,H,L,H,L,H,L,H,L
369,L,H,M,L,M,L,H,L
370,L,M,H,M,L,L,M,L
371,H,L,L,L,H,H,M,L
372,L,M,M,L,M,L,H,L
373,M,L,M,M,H,L,M,L
374,M,M,H,H,H,L,M,H
375,M,H,L,H,L,L,M,H
376,H,M,H,L,L,L,L,M
377,M,H,L,L,L,H,L,M
378,M,M,M,H,M,H,L,M
379,H,M,H,M,H,M,L,M
380,M,L,M,M,L,M,L,L
381,H,L,M,H,L,M,L,M
382,L,M,M,H,L,L,L,M
383,M,M,L,M,L,L,M,M
384,H,H,L,M,M,L,L,H
385,L,L,H,H,M,M,H,L
386,M,H,H,L,H,L,L,H
387,M,H,L,L,L,M,M,M
388,L,L,H,L,L,L,M,L
389,M,L,M,L,M,H,L,L
390,H,M,H,H,L,H,L,M
391,H,H,H,M,M,H,M,H
392,H,M,L,H,M,M,H,M
393,M,L,H,M,L,M,L,L
394,L,M,H,L,L,M,H,L
395,L,L,H,L,L,H,L,L
396,M,L,L,H,L,M,L,M
397,M,H,H,L,L,H,H,M
398,M,L,L,L,L,H,H,M
399,M,L,M,M,L,H,M,L
400,H,H,H,L,L,L,L,M
401,L,L,L,H,M,L,M,M
402,M,L,M,M,M,L,L,M
403,L,L,L,M,L,H,L,L
404,L,H,H,L,M,M,M,M
405,H,M,H,L,M,L,M,L
406,H,H,M,L,H,L,H,M
407,H,M,M,H,M,M,M,M
408,M,M,M,H,L,L,H,M
409,H,M,M,L,L,M,H,M
410,M,H,M,M,M,L,L,H
411,L,H,M,L,H,M,L,H
412,L,H,H,H,H,M,H,H
413,L,M,L,M,M,H,M,L
414,L,H,L,M,L,L,H,M
415,H,H,M,H,H,L,M,H
416,M,H,L,H,M,L,H,H
417,H,M,H,L,L,H,H,M
418,L,M,L,L,H,L,M,L
419,L,M,M,M,M,M,L,L
420,H,H,L,M,H,L,L,H
421,H,H,M,H,M,H,L,H
422,M,H,M,M,H,L,H,H
423,M,L,L,L,H,H,H,L
424,M,H,M,L,H,H,M,M
425,M,L,H,H,H,M,M,L
426,H,M,H,H,L,L,M,M
427,M,L,L,H,L,H,L,L
428,H,M,H,H,M,L,L,H
429,H,H,H,M,M,M,L,H
430,L,L,L,L,H,M,H,L
431,L,M,L,H,H,M,H,M
432,L,H,M,L,M,M,L,M
433,M,M,M,M,M,H,M,L
434,L,L,L,M,H,M,L,L
435,H,M,H,L,L,H,M,L
436,H,L,L,M,H,M,H,M
437,L,H,H,L,H,H,M,M
438,L,L,H,M,L,M,L,L
439,L,M,L,H,H,H,M,M
440,M,H,L,M,L,L,M,H
441,M,M,H,L,H,H,L,L
442,L,L,M,L,M,M,M,L
443,L,H,H,M,H,L,H,H
444,H,M,H,L,H,L,L,L
445,M,M,H,H,L,M,H,M
446,L,L,M,L,M,M,L,L
447,M,M,M,M,M,M,H,M
448,M,M,M,H,H,L,H,M
449,L,M,M,M,L,M,L,L
450,L,H,L,H,L,M,M,H
451,H,M,M,M,H,H,M,M
452,L,H,H,H,H,L,M,H
453,M,L,M,L,H,L,H,L
454,M,L,H,M,H,M,M,L
455,L,M,L,L,L,L,M,L
456,L,H,M,L,L,L,L,M
457,M,M,M,M,L,H,H,M
458,M,L,M,L,H,L,L,L
459,H,L,L,M,M,H,L,L
460,H,L,M,L,H,M,H,L
461,H,M,H,H,H,M,H,L
462,H,H,M,M,L,H,L,H
463,L,M,L,H,L,L,L,H
464,L,H,L,L,H,H,L,H
465,M,L,H,M,M,M,H,M
466,H,L,M,H,L,L,M,M
467,H,M,H,L,L,M,H,M
468,M,M,H,M,L,H,M,L
469,H,H,L,L,H,L,M,H
470,H,H,H,H,H,M,H,H
471,L,H,M,M,L,L,H,M
472,M,H,H,L,M,H,H,L
473,H,M,H,M,M,L,M,M
474,M,H,L,L,M,H,M,M
475,M,L,H,L,L,M,L,L
476,M,L,H,H,L,M,H,M
477,H,M,H,L,H,L,H,L
478,M,M,L,H,H,H,M,M
479,H,H,L,L,H,L,L,H
480,M,M,M,L,H,H,H,L
481,M,M,M,M,H,M,L,M
482,H,H,H,L,L,L,H,M
483,M,H,M,L,L,L,M,M
484,M,L,L,H,H,H,M,M
485,L,L,L,M,M,L,H,M
486,H,H,M,M,M,H,H,M
487,M,M,M,M,H,H,M,L
488,L,M,H,L,H,L,H,L
489,L,M,L,H,M,L,H,M
490,M,H,H,M,L,L,H,M
491,M,H,L,M,M,H,M,M
492,L,L,H,M,L,L,L,L
493,H,H,L,H,H,H,M,H
494,L,L,H,M,H,L,L,L
495,H,H,M,L,H,M,L,H
496,L,M,H,L,M,M,L,L
497,M,M,M,M,H,L,M,L
498,H,M,L,L,M,L,H,M
499,M,M,H,H,H,L,L,H
500,L,M,L,M,H,L,M,M
501,L,M,H,L,H,H,H,L
502,M,L,H,L,L,M,H,M
503,L,H,L,M,L,M,M,H
504,M,M,M,L,M,M,H,M
505,M,M,H,L,H,M,H,L
506,H,L,H,H,H,H,H,M
507,H,L,H,L,L,H,M,L
508,M,L,M,H,M,M,H,M
509,M,H,M,L,M,L,M,M
510,M,M,L,L,L,L,H,M
511,H,L,M,H,L,H,H,M
512,M,L,L,H,H,L,L,M
513,M,H,H,L,H,L,M,H
514,H,L,H,L,H,L,M,L
515,M,L,L,L,M,H,H,M
516,H,H,M,H,L,M,M,H
517,L,L,M,M,M,M,H,M
518,L,M,L,L,M,L,H,M
519,H,H,L,H,L,M,M,H
520,H,M,L,L,M,L,M,L
521,H,M,L,M,M,H,M,M
522,M,L,M,L,M,M,L,L
523,L,M,H,H,H,L,L,H
524,M,M,L,L,M,L,L,M
525,L,L,H,H,L,H,H,L
526,H,H,H,H,L,L,M,H
527,L,L,H,H,H,H,M,L
528,H,L,H,L,M,H,L,L
529,L,H,M,M,H,H,H,M
530,M,M,M,H,M,M,L,H
531,H,H,H,H,H,H,L,H
532,M,L,H,H,H,H,M,L
533,L,M,M,L,H,L,H,L
534,M,M,L,L,L,L,M,M
535,M,M,M,H,M,M,H,M
536,L,L,M,H,H,L,M,M
537,H,M,H,M,M,M,L,M
538,L,M,L,M,M,H,H,M
539,L,L,H,H,L,M,H,M
540,H,L,L,M,H,L,M,L
541,H,H,L,H,L,H,M,H
542,H,M,L,M,M,M,L,M
543,H,H,H,H,H,H,M,H
544,H,M,L,M,H,H,H,M
545,H,M,H,M,H,L,L,M
546,M,L,M,L,H,H,H,L
547,M,L,M,H,M,M,M,M
548,M,M,H,M,L,M,M,L
549,M,L,M,H,L,L,M,M
550,L,M,L,L,H,M,M,L
551,H,M,L,M,L,H,M,M
552,M,M,H,H,H,M,H,L
553,L,H,M,H,M,H,M,H
554,M,H,H,M,L,M,H,M
555,M,L,M,L,L,L,H,M
556,M,L,L,H,M,M,M,M
557,M,H,H,L,M,L,M,M
558,H,M,M,M,M,L,H,M
559,L,H,H,L,L,L,H,L
560,L,L,M,H,M,H,H,M
561,L,L,H,M,M,L,H,L
562,M,M,L,H,M,L,H,M
563,H,H,M,L,H,H,L,H
564,L,L,M,H,L,M,M,M
565,H,L,M,L,M,M,L,L
566,H,H,H,M,H,L,M,H
567,H,L,M,H,M,H,H,M
568,H,L,M,M,H,L,M,L
569,M,M,L,L,M,M,H,M
570,L,L,M,L,M,L,L,L
571,L,H,H,H,H,H,M,H
572,M,L,L,L,H,L,L,L
573,H,L,L,H,M,H,L,L
574,L,L,M,M,H,H,M,L
575,H,H,H,H,M,M,H,H
576,H,M,L,H,H,H,H,M
577,M,H,L,L,M,H,H,M
578,M,H,M,H,H,L,H,H
579,L,H,M,M,L,L,M,H
580,L,L,L,H,L,M,M,M
581,L,M,L,L,L,M,L,L
582,L,L,H,H,H,L,H,M
583,H,L,M,L,H,H,M,L
584,L,M,H,M,M,M,M,L
585,L,L,H,L,H,M,M,L
586,H,H,M,L,H,H,M,M
587,M,M,M,M,L,M,L,M
588,L,M,M,M,H,H,M,L
589,L,M,L,H,H,L,H,H
590,L,L,L,M,M,H,H,M
591,L,L,M,L,H,L,L,L
592,L,M,M,L,L,M,H,M
593,M,H,L,L,M,L,H,M
594,H,L,L,H,H,H,L,L
595,M,L,H,M,M,H,M,L
596,H,M,M,L,L,H,L,L
597,M,L,M,H,H,L,L,M
598,M,H,M,L,H,M,M,M
599,H,H,L,H,M,M,L,H
600,H,L,H,L,M,M,L,L
601,M,L,H,M,L,L,H,M
602,M,H,H,L,M,H,M,M
603,L,H,L,H,L,H,L,H
604,L,H,M,L,H,H,M,M
605,L,M,L,H,H,M,M,H
606,M,H,H,L,L,L,L,M
607,L,M,M,L,H,M,M,L
608,M,H,M,L,H,L,M,H
609,H,L,M,M,L,H,L,L
610,H,L,H,M,M,H,H,M
611,H,L,M,M,L,L,L,M
612,H,L,H,M,M,L,L,M
613,H,M,H,M,L,M,H,M
614,H,L,M,H,M,L,H,M
615,H,M,L,M,L,H,L,M
616,M,M,L,H,H,M,M,H
617,M,M,M,M,M,L,L,M
618,L,M,H,L,L,H,M,L
619,H,L,M,L,M,M,M,L
620,L,H,M,L,H,H,H,L
621,H,M,H,H,H,H,M,M
622,M,M,H,L,L,H,H,L
623,M,M,H,H,M,M,L,M
624,M,M,L,H,H,M,H,M
625,L,L,L,M,H,M,H,M
626,L,H,H,H,L,L,H,H
627,H,L,M,M,L,M,L,M
628,H,L,M,L,M,L,H,M
629,H,H,M,M,H,L,M,H
630,M,M,L,L,M,M,M,L
631,M,L,L,L,L,H,L,L
632,M,L,M,H,M,M,L,L
633,L,L,L,H,L,M,H,M
634,H,H,M,H,H,M,M,H
635,H,L,L,L,M,H,L,L
636,H,H,H,L,L,H,M,M
637,M,L,H,M,H,M,L,L
638,M,L,L,H,L,L,H,M
639,L,M,M,L,L,H,H,M
640,M,L,L,H,L,H,M,M
641,H,H,H,L,M,M,H,M
642,L,M,L,M,M,H,L,L
643,L,L,H,L,H,H,H,L
644,H,H,M,L,H,L,M,H
645,L,M,L,H,L,H,M,L
646,H,H,M,M,M,L,H,H
647,L,M,H,M,L,L,H,M
648,H,H,L,M,H,M,L,H
649,M,L,M,M,H,H,M,L
650,H,H,L,L,L,H,L,H
651,L,M,L,M,L,L,H,M
652,H,M,M,M,H,M,L,M
653,M,H,H,H,H,L,L,H
654,M,H,L,M,H,H,M,H
655,M,M,M,H,L,L,M,M
656,H,L,M,L,M,M,H,M
657,M,L,H,H,M,H,L,L
658,H,M,L,H,M,M,L,H
659,L,M,H,L,H,M,H,L
660,L,L,L,M,M,H,M,M
661,H,H,H,H,L,M,M,H
662,L,L,H,M,M,H,H,L
663,L,M,L,M,L,H,M,L
664,M,M,H,H,L,L,M,M
665,L,M,H,H,H,L,M,H
666,H,L,L,H,L,L,M,M
667,M,H,H,M,H,M,H,H
668,M,H,L,L,L,L,H,M
669,H,L,M,M,M,L,M,M
670,M,L,H,L,M,M,L,L
671,M,M,H,H,M,M,M,M
672,M,L,L,M,M,L,M,M
673,M,H,M,H,M,H,M,H
674,L,M,M,L,L,L,H,M
675,M,L,L,L,H,L,H,L
676,M,M,H,M,L,L,L,M
677,H,H,H,H,H,M,M,H
678,H,M,L,H,H,M,H,M
679,L,M,L,L,H,L,H,L
680,M,M,L,H,L,M,L,M
681,M,M,H,L,M,M,H,L
682,L,M,L,L,H,H,H,L
683,M,M,L,H,H,H,H,M
684,L,H,L,L,M,M,L,M
685,M,H,M,M,M,L,H,H
686,M,M,M,L,H,M,L,L
687,L,H,M,H,M,H,L,H
688,L,M,M,H,M,M,M,M
689,M,M,L,L,L,H,H,M
690,L,M,M,L,L,M,L,L
691,L,L,H,M,L,L,M,M
692,M,H,L,L,L,H,H,M
693,M,M,L,L,M,L,M,L
694,H,M,M,L,H,M,L,M
695,M,M,L,M,H,H,H,M
696,L,M,M,M,M,H,L,L
697,H,H,L,M,H,H,H,M
698,H,L,L,L,H,L,L,L
699,M,H,L,L,L,H,M,M
700,M,H,H,L,H,M,M,M
701,L,M,H,L,L,H,L,L
702,M,L,H,L,H,L,H,L
703,L,M,H,H,H,H,M,M
704,L,H,M,H,M,M,M,H
705,L,H,H,M,M,L,L,H
706,L,L,L,H,H,M,M,L
707,H,H,M,L,L,M,M,M
708,L,L,H,H,M,M,M,L
709,L,M,H,H,L,M,H,M
710,M,M,M,M,L,H,L,M
711,L,L,L,H,M,H,H,M
712,L,L,M,H,M,L,M,M
713,L,M,L,M,H,M,M,L
714,M,M,M,H,H,M,M,M
715,L,L,H,M,M,H,L,L
716,M,M,M,L,M,M,L,L
717,H,H,M,M,M,L,M,H
718,H,L,M,M,M,M,M,M
719,H,H,H,L,L,M,M,M
720,M,M,H,L,L,L,M,M
721,H,M,M,L,H,H,H,L
722,H,L,M,M,H,M,L,L
723,L,M,L,L,H,H,M,L
724,H,M,M,H,M,H,H,M
725,H,L,H,H,M,L,H,M
726,H,M,L,H,L,H,H,M
727,L,L,M,L,H,L,H,L
728,H,L,L,M,M,H,H,M
729,L,H,H,H,L,M,L,H
730,H,M,L,M,H,M,L,M
731,H,H,L,L,L,M,L,H
732,H,L,M,H,M,L,M,M
733,L,H,M,H,L,H,H,H
734,M,H,M,H,L,L,H,H
735,M,H,L,H,H,H,M,H
736,M,L,H,L,M,M,M,L
737,M,M,H,H,M,L,L,H
738,L,H,L,H,L,L,M,H
739,H,M,L,L,L,M,H,M
740,M,M,M,H,L,M,L,M
741,M,M,H,M,M,M,H,L
742,L,M,H,H,L,L,M,M
743,L,L,M,L,H,H,L,L
744,L,M,H,M,H,H,M,L
745,L,L,L,M,H,L,M,L
746,L,L,M,L,H,M,H,L
747,L,M,L,L,M,M,L,L
748,L,H,L,H,L,M,H,H
749,L,M,H,L,L,L,H,L
750,L,H,M,L,L,H,L,M
751,M,L,M,L,L,H,L,L
752,M,L,M,H,M,L,M,M
753,L,M,L,H,M,M,M,M
754,H,H,H,H,M,H,H,H
755,H,M,M,H,M,H,L,M
756,L,L,L,L,H,L,H,L
757,H,L,L,M,M,H,M,M
758,M,M,H,M,H,H,M,L
759,H,M,L,M,L,L,M,M
760,L,H,L,M,M,L,H,H
761,H,M,L,M,M,L,M,M
762,M,L,L,L,H,M,M,L
763,M,L,L,M,L,M,M,M
764,L,L,H,L,M,H,M,L
765,L,H,M,L,M,L,L,H
766,H,L,L,H,L,L,L,M
767,M,M,L,M,M,H,H,M
768,L,H,M,M,M,M,L,H
769,L,H,L,H,M,L,M,H
770,M,L,H,H,M,M,L,L
771,H,H,H,L,H,H,H,M
772,L,H,M,M,H,M,H,H
773,M,M,H,L,H,L,L,L
774,M,H,M,L,H,M,H,M
775,M,M,M,M,M,M,L,M
776,L,H,M,L,L,M,H,M
777,L,M,H,L,M,H,L,L
778,M,M,M,H,L,H,M,M
779,M,H,L,H,M,M,H,H
780,M,M,H,H,M,L,M,M
781,L,M,M,H,M,M,H,M
782,M,H,H,L,L,H,M,M
783,H,H,M,H,M,M,M,H
784,L,L,M,M,L,H,H,M
785,M,H,H,H,L,M,H,H
786,H,M,L,M,H,L,L,H
787,L,H,L,H,L,H,M,H
788,M,H,H,H,M,M,H,H
789,H,L,L,L,L,M,L,L
790,L,H,H,M,M,M,L,H
791,M,H,M,L,L,L,H,M
792,M,H,H,L,M,M,L,H
793,H,H,M,H,H,H,M,H
794,L,H,M,M,M,H,L,H
795,M,L,M,L,L,M,H,M
796,M,H,H,M,L,L,M,M
797,M,L,H,L,H,H,H,L
798,L,M,H,L,M,M,M,L
799,M,H,L,H,L,M,M,H
800,L,H,L,H,H,M,M,H
801,H,M,M,H,H,L,L,H
802,H,H,M,L,M,H,H,M
803,H,L,H,H,L,L,L,M
804,M,M,L,H,L,L,H,M
805,H,L,H,M,M,M,L,L
806,L,H,M,M,H,H,M,H
807,L,L,L,L,M,L,L,L
808,L,L,L,M,M,H,L,L
809,M,H,H,H,L,M,M,H
810,H,L,L,M,H,L,H,M
811,H,H,L,L,L,H,M,M
812,L,M,L,L,H,H,L,L
813,H,H,M,M,L,L,L,H
814,H,M,L,M,H,L,M,M
815,L,M,L,H,H,H,H,L
816,H,M,H,M,L,H,M,L
817,L,H,L,M,M,M,L,H
818,L,L,L,H,H,M,H,M
819,M,M,H,M,M,M,M,L
820,M,M,L,L,H,H,M,L
821,L,H,H,L,L,M,H,L
822,H,M,L,H,M,M,M,M
823,M,L,L,H,M,L,M,M
824,L,H,M,M,M,M,H,M
825,H,L,L,M,L,L,L,M
826,L,M,H,L,M,L,M,L
827,M,L,M,L,M,L,L,L
828,H,H,H,H,M,L,H,H
829,M,H,M,H,H,H,M,H
830,H,L,H,H,H,H,M,L
831,H,H,H,H,H,L,M,H
832,L,L,L,M,M,L,L,L
833,H,H,H,L,M,H,M,M
834,M,M,H,H,M,L,H,M
835,M,M,H,L,H,M,M,L
836,L,H,H,L,H,M,H,L
837,L,H,M,L,H,H,L,H
838,M,M,M,L,L,H,L,L
839,H,M,H,H,H,H,H,M
840,M,L,H,M,M,L,M,M
841,M,M,M,L,H,H,M,L
842,L,H,H,L,L,L,L,M
843,H,H,L,M,H,M,M,H
844,L,M,M,M,L,L,L,M
845,H,M,L,L,M,M,L,M
846,L,H,L,M,M,H,H,M
847,M,L,H,L,H,M,H,L
848,H,M,L,H,L,L,M,M
849,M,H,L,H,L,M,L,H
850,H,L,L,M,H,M,L,L
851,M,H,L,H,L,L,H,H
852,L,L,L,L,M,L,M,L
853,H,L,M,M,M,M,L,L
854,H,M,L,M,H,M,M,M
855,M,L,H,M,L,M,H,M
856,L,M,L,H,H,H,L,H
857,M,L,M,M,M,L,M,M
858,H,M,M,L,H,L,L,M
859,L,M,H,M,M,L,L,L
860,H,M,H,M,H,H,H,L
861,M,H,M,M,L,M,L,H
862,M,H,L,H,L,H,H,M
863,L,L,L,L,L,L,H,M
864,L,M,M,H,L,M,H,M
865,L,H,L,M,H,M,L,H
866,H,L,M,L,L,H,L,L
867,H,H,H,H,H,H,H,H
868,L,M,M,M,H,M,L,M
869,M,L,L,M,H,H,H,M
870,M,H,L,L,H,M,M,M
871,M,L,H,M,L,H,L,L
872,H,H,H,L,H,L,M,H
873,L,H,H,L,L,M,M,M
874,H,L,L,L,L,H,H,M
875,H,L,L,H,H,L,M,M
876,L,H,M,H,H,L,M,H
877,H,L,H,M,H,L,L,M
878,L,L,H,M,L,M,H,L
879,L,L,H,M,M,H,M,L
880,H,H,H,L,H,H,L,H
881,M,M,H,L,M,M,M,L
882,M,M,M,L,M,H,M,L
883,H,H,L,H,M,H,L,H
884,M,L,H,M,H,H,M,L
885,L,L,L,L,L,H,H,M
886,L,H,L,L,H,L,H,M
887,M,M,H,H,H,M,M,M
888,M,L,L,M,L,H,L,L
889,M,L,L,M,H,M,M,L
890,L,H,L,H,M,H,M,H
891,H,M,H,M,H,M,H,L
892,L,M,H,L,H,L,L,L
893,H,L,M,M,L,M,M,M
894,M,H,L,L,H,H,M,M
895,M,L,M,H,H,L,H,M
896,M,H,M,H,L,L,L,H
897,L,H,H,M,L,L,M,H
898,L,L,L,L,M,L,H,M
899,H,L,M,H,H,L,H,M
900,H,H,M,L,L,L,H,M
901,L,L,H,M,M,M,L,L
902,M,M,L,M,L,H,H,M
903,M,L,L,M,H,H,M,L
904,H,M,M,M,L,M,H,M
905,H,H,L,H,H,H,H,H
906,M,L,M,H,L,H,L,L
907,M,H,L,M,M,L,L,H
908,M,H,H,H,M,H,M,H
909,L,M,M,M,H,L,L,M
910,M,M,L,L,H,L,L,L
911,M,H,M,M,L,L,M,H
912,H,L,L,L,L,M,H,M
913,H,M,M,H,H,H,L,H
914,H,L,H,L,L,H,L,L
915,M,L,M,H,L,M,L,M
916,M,M,L,H,M,H,L,M
917,M,M,L,H,M,H,M,M
918,L,H,L,H,H,M,L,H
919,H,M,L,H,L,L,H,M
920,M,M,M,M,M,L,H,M
921,H,H,H,M,L,L,H,M
922,L,M,M,M,L,H,L,L
923,M,H,H,M,H,L,L,H
924,H,M,M,L,H,L,H,L
925,M,M,L,H,L,L,L,M
926,M,L,L,H,H,M,L,L
927,M,M,M,H,L,M,M,M
928,M,M,L,L,L,M,L,L
929,H,H,L,H,L,H,L,H
930,H,H,M,M,L,M,H,M
931,M,L,L,M,M,L,L,M
932,M,M,L,L,M,H,L,L
933,M,H,L,M,L,H,H,M
934,M,M,H,H,H,H,H,L
935,M,M,L,M,H,M,H,M
936,L,M,H,M,L,H,H,L
937,H,M,H,M,M,M,M,L
938,H,L,L,M,H,M,M,L
939,L,H,L,L,M,L,M,M
940,M,M,M,L,M,H,H,L
941,L,M,M,L,L,L,M,L
942,M,H,M,H,H,H,L,H
943,H,M,L,H,M,H,L,M
944,L,H,L,M,H,H,H,M
945,H,H,M,L,L,M,H,M
946,H,H,L,H,M,M,H,H
947,H,M,H,H,H,H,L,M
948,H,H,M,M,H,H,M,H
949,M,H,H,H,L,L,M,H
950,L,M,M,M,L,L,M,M
951,H,M,M,L,L,M,L,L
952,L,H,M,H,L,L,L,H
953,M,H,L,L,M,M,L,M
954,M,M,M,H,H,H,M,M
955,H,M,M,L,M,L,L,M
956,H,H,M,M,L,L,M,M
957,H,H,L,H,L,L,M,H
958,M,L,M,L,M,L,M,L
959,H,L,M,M,M,H,H,M
960,L,H,H,L,H,M,L,H
961,M,H,H,H,L,M,L,H
962,M,M,L,H,H,L,L,H
963,M,H,M,L,L,H,H,M
964,H,M,M,H,M,L,L,H
965,H,L,H,M,L,L,L,M
966,H,M,H,M,H,H,L,M
967,L,M,L,H,M,L,L,H
968,H,L,M,L,H,H,L,L
969,L,M,L,H,L,H,H,M
970,M,H,L,M,M,H,L,H
971,H,H,H,H,L,H,M,H
972,H,L,H,M,L,M,L,M
973,L,H,M,M,H,L,M,H
974,H,H,M,M,L,M,L,H
975,L,H,H,H,L,H,M,H
976,H,M,M,H,L,H,H,M
977,H,M,M,M,H,L,L,M
978,H,L,H,L,L,H,H,M
979,L,H,M,H,H,M,M,H
980,M,L,H,M,L,H,M,L
981,H,M,L,H,H,H,L,H
982,H,H,L,H,H,M,M,H
983,M,L,L,H,M,M,H,M
984,L,L,M,M,M,L,M,L
985,M,H,L,M,L,M,H,M
986,M,H,L,M,M,L,M,H
987,H,H,M,M,H,M,H,H
988,H,H,H,M,L,L,M,M
989,H,M,L,L,H,H,L,M
990,M,M,M,H,H,H,L,H
991,M,H,H,M,H,H,L,H
992,M,H,M,L,M,L,L,H
993,M,H,L,L,M,M,M,M
994,H,L,L,M,M,M,M,M
995,M,H,L,H,M,H,H,H
996,M,L,L,L,H,L,M,L
997,M,M,M,H,H,M,H,M
998,L,H,M,M,L,H,H,M
999,M,M,L,L,H,L,H,L
1000,M,H,H,M,H,H,M,H
1001,M,M,L,L,H,M,H,L
1002,M,M,L,H,M,M,M,M
1003,L,L,M,M,M,H,L,L
1004,H,M,H,H,M,H,L,M
1005,M,H,L,L,H,M,L,H
1006,L,H,H,H,L,L,L,H
1007,M,H,M,L,L,M,M,M
1008,M,H,L,L,H,H,L,M
1009,H,L,H,L,H,H,L,L
1010,M,L,M,L,L,M,L,L
1011,L,H,L,L,M,L,L,H
1012,M,M,M,H,M,L,L,H
1013,M,M,M,H,H,H,H,L
1014,H,H,L,H,H,M,H,H
1015,H,H,L,L,L,M,H,M
1016,L,L,H,H,L,M,L,L
1017,H,M,M,L,L,L,H,M
1018,M,L,L,L,L,M,H,M
1019,M,M,L,M,H,L,L,H
1020,H,H,H,M,H,H,H,M
1021,M,H,L,L,M,M,H,M
1022,L,L,L,H,H,L,M,M
1023,H,L,L,H,L,L,H,M
1024,L,H,H,L,L,H,H,L
1025,L,H,M,H,M,L,H,H
1026,L,H,H,H,L,H,L,H
1027,H,H,L,M,H,L,M,H
1028,L,H,H,M,H,H,M,H
1029,M,L,H,H,L,M,L,M
1030,L,H,H,M,L,H,M,H
1031,H,M,M,L,L,H,H,M
1032,M,H,H,H,L,H,L,H
1033,H,H,M,H,L,L,M,H
1034,L,L,L,H,H,L,H,M
1035,L,L,M,L,H,H,M,L
1036,M,H,H,M,M,L,H,H
1037,H,H,H,H,L,L,H,H
1038,H,M,H,M,L,H,H,M
1039,L,L,L,L,M,H,L,L
1040,M,H,H,H,H,L,H,H
1041,M,L,H,L,H,H,M,L
1042,M,M,H,M,M,L,H,L
1043,L,H,L,L,H,L,L,H
1044,H,M,H,M,H,H,M,L
1045,M,L,L,L,M,M,L,L
1046,M,L,H,M,H,L,H,L
1047,L,M,L,L,L,H,M,L
1048,L,H,M,H,H,L,H,H
1049,H,M,H,H,M,M,M,M
1050,H,L,M,H,M,M,L,M
1051,M,L,L,L,L,M,L,L
1052,L,L,H,M,L,H,L,L
1053,M,L,L,M,M,M,H,M
1054,M,M,L,M,H,H,M,M
1055,M,L,M,M,M,M,M,M
1056,H,M,M,H,L,H,L,M
1057,L,H,L,L,L,M,L,M
1058,L,M,L,M,M,M,H,M
1059,M,H,H,M,H,L,H,H
1060,M,M,H,M,H,H,H,L
1061,M,H,M,M,M,M,H,M
1062,M,M,L,M,H,M,L,M
1063,M,M,H,L,H,H,M,L
1064,M,L,H,L,L,M,M,L
1065,H,L,L,M,L,H,L,L
1066,L,L,L,H,M,L,L,M
1067,M,H,H,H,M,H,H,H
1068,H,H,M,M,M,H,M,H
1069,H,H,H,H,M,M,L,H
1070,L,L,M,H,H,L,H,M
1071,L,M,L,M,H,M,L,M
1072,L,M,L,L,L,L,H,M
1073,L,L,M,H,L,H,M,L
1074,L,H,M,L,M,M,M,M
1075,H,H,M,M,H,L,L,H
1076,M,M,H,M,M,L,M,L
1077,L,M,L,M,M,L,M,L
1078,L,L,H,M,M,M,M,L
1079,L,H,H,H,M,H,M,H
1080,M,H,M,L,M,M,H,M
1081,M,M,M,M,H,H,H,L
1082,M,M,H,L,M,L,H,L
1083,L,H,L,M,L,H,L,H
1084,H,L,M,L,H,L,M,L
1085,H,M,M,M,H,L,H,M
1086,L,H,L,H,M,M,M,H
1087,H,M,M,M,L,L,H,M
1088,L,L,H,M,H,H,H,L
1089,H,L,M,H,H,H,L,L
1090,M,M,H,H,H,H,M,M
1091,H,L,H,H,H,L,H,M
1092,H,H,L,L,M,M,M,M
1093,M,H,M,L,H,M,L,H
1094,H,H,M,M,M,H,L,H
1095,H,H,L,M,M,M,M,H
1096,H,L,H,M,H,M,L,L
1097,L,H,H,H,H,M,M,H
1098,L,L,L,L,H,H,M,L
1099,L,H,L,M,M,M,M,H
1100,L,M,H,M,L,M,L,L
1101,H,L,H,M,M,M,M,M
1102,L,M,H,M,H,L,L,M
1103,L,M,M,M,H,M,M,L
1104,M,L,M,M,L,L,L,M
1105,M,L,L,M,M,H,L,L
1106,H,L,M,H,L,M,M,M
1107,H,L,L,M,L,H,M,M
1108,L,M,M,H,H,M,L,H
1109,H,H,H,M,M,M,H,M
1110,M,H,L,H,M,M,M,H
1111,L,L,M,L,L,M,H,M
1112,H,L,H,H,M,H,M,L
1113,M,M,M,M,M,H,L,M
1114,H,M,L,M,M,M,H,M
1115,L,M,M,M,L,M,M,L
1116,H,L,L,M,H,L,L,L
1117,L,H,H,L,H,H,H,L
1118,H,M,H,H,L,H,H,M
1119,M,H,L,M,M,L,H,H
1120,H,M,M,M,M,L,L,M
1121,L,M,H,L,H,M,M,L
1122,M,H,L,L,M,H,L,M
1123,H,H,H,M,L,H,M,H
1124,M,L,M,L,M,H,M,L
1125,L,M,M,L,H,H,M,L
1126,M,L,M,M,M,H,H,M
1127,L,H,L,L,L,L,L,M
1128,L,M,L,H,L,M,H,M
1129,M,H,L,L,H,L,M,H
1130,M,H,M,H,M,M,M,H
1131,L,H,M,M,M,H,H,M
1132,L,M,L,L,M,H,H,L
1133,L,M,H,H,H,M,H,M
1134,H,H,L,M,H,H,L,H
1135,L,H,H,H,H,H,H,H
1136,M,L,L,L,H,M,H,L
1137,H,H,M,M,L,M,M,M
1138,L,L,L,M,M,L,M,M
1139,L,L,H,L,M,L,H,L
1140,L,H,L,H,M,H,H,H
1141,L,M,M,L,L,H,L,L
1142,L,H,L,H,H,H,M,H
1143,M,H,M,M,H,L,M,H
1144,H,H,H,L,L,H,L,H
1145,M,L,L,M,H,L,H,M
1146,L,L,H,M,H,H,L,L
1147,H,H,H,H,M,L,L,H
1148,L,M,M,L,H,L,M,L
1149,L,H,M,H,M,L,M,H
1150,M,M,L,H,M,M,H,M
1151,H,L,M,M,L,H,H,M
1152,L,H,L,L,L,M,H,M
1153,M,M,H,L,M,M,L,L
1154,H,L,L,M,L,M,H,M
1155,L,L,L,M,H,L,L,L
1156,M,L,M,H,H,L,M,M
1157,M,L,M,M,M,M,L,L
1158,L,L,L,L,L,L,L,L
1159,M,L,L,L,M,L,M,L
1160,M,L,M,M,L,L,H,M
1161,M,M,M,L,L,M,H,M
1162,M,H,H,H,M,L,L,H
1163,M,L,M,L,H,L,M,L
1164,M,L,L,H,H,L,H,M
1165,L,L,M,H,M,M,M,L
1166,H,M,M,H,H,H,H,M
1167,M,H,H,M,M,L,L,H
1168,L,M,H,H,H,H,L,M
1169,M,H,M,H,M,H,L,H
1170,M,L,M,H,H,H,H,M
1171,M,M,M,H,M,M,M,M
1172,H,M,M,L,L,H,M,L
1173,M,H,H,L,H,M,H,L
1174,H,M,H,H,L,M,H,M
1175,H,H,L,M,M,H,L,H
1176,L,L,H,H,H,H,L,L
1177,H,L,M,L,L,M,M,M
1178,H,L,H,L,L,M,H,M
1179,H,L,L,L,M,M,H,M
1180,M,L,L,M,H,L,M,L
1181,H,H,L,M,L,M,M,M
1182,L,H,H,L,M,M,H,L
1183,M,L,M,M,M,M,H,M
1184,L,H,H,L,L,H,L,M
1185,M,M,H,H,L,M,M,M
1186,L,L,M,L,L,H,L,L
1187,L,H,M,H,H,H,H,H
1188,M,H,H,M,H,M,M,H
1189,M,H,H,L,L,H,L,H
1190,M,H,L,M,M,M,H,M
1191,L,H,L,H,L,M,L,H
1192,L,M,M,H,L,M,M,M
1193,H,M,M,M,L,H,M,M
1194,M,M,H,H,L,L,L,M
1195,L,L,M,M,H,L,L,L
1196,L,L,L,M,L,M,M,M
1197,L,H,M,H,M,M,H,H
1198,L,H,H,H,L,H,H,H
1199,H,M,L,M,L,L,L,M
1200,H,H,M,M,M,M,H,M
1201,H,L,M,L,L,M,L,L
1202,M,M,H,H,M,M,H,M
1203,M,H,M,M,L,H,L,H
1204,L,L,H,L,M,H,L,L
1205,M,H,H,M,M,M,M,H
1206,L,H,H,H,H,L,H,H
1207,L,M,H,L,M,L,H,L
1208,M,M,L,H,L,H,H,M
1209,H,M,L,L,M,H,L,M
1210,L,H,L,L,L,H,H,M
1211,H,M,L,H,L,L,L,M
1212,L,H,H,M,L,H,H,M
1213,L,H,M,H,H,M,L,H
1214,M,H,M,H,H,H,H,H
1215,L,M,M,M,H,H,L,M
1216,H,M,M,M,M,M,H,M
1217,M,L,M,M,L,L,M,M
1218,L,L,M,L,H,M,L,L
1219,H,M,H,H,H,M,M,M
1220,L,H,H,H,M,L,M,H
1221,H,L,M,L,H,M,L,L
1222,M,H,H,M,L,M,M,M
1223,L,H,M,M,M,L,H,H
1224,L,M,L,L,M,H,L,L
1225,M,H,M,L,L,M,L,H
1226,L,L,M,H,M,M,H,M
1227,M,L,L,M,L,L,L,M
1228,L,L,M,L,H,H,H,L
1229,M,L,L,L,M,M,H,M
1230,L,L,L,M,L,M,H,M
1231,M,H,L,M,M,M,M,H
1232,L,L,H,L,L,H,M,L
1233,H,H,L,L,M,L,M,M
1234,M,L,L,M,H,L,L,L
1235,L,M,M,H,M,H,M,L
1236,H,L,H,M,L,H,H,M
1237,H,L,L,L,L,L,L,M
1238,M,M,H,M,H,L,L,M
1239,H,H,L,M,M,H,H,M
1240,M,H,M,L,L,M,H,M
1241,M,L,L,H,L,M,M,M
1242,H,L,L,H,H,H,H,M
1243,H,M,M,L,L,L,L,M
1244,L,H,H,M,M,H,M,H
1245,M,L,L,H,H,H,H,M
1246,M,H,M,M,M,H,L,H
1247,M,L,H,H,L,L,L,M
1248,L,L,L,M,H,L,H,M
1249,L,M,H,L,H,H,L,L
1250,M,M,L,H,H,L,H,M
1251,M,M,H,M,H,M,M,L
1252,H,M,M,M,M,H,L,M
1253,L,L,M,L,L,M,M,L
1254,H,L,L,L,L,M,M,M
1255,M,M,L,M,M,H,L,M
1256,H,H,M,M,L,H,H,M
1257,L,M,H,M,L,L,L,L
1258,M,L,M,M,M,L,H,M
1259,M,L,H,M,M,L,L,L
1260,H,H,L,M,L,L,H,M
1261,M,L,M,H,L,M,H,M
1262,L,L,H,L,H,M,H,L
1263,L,L,M,H,L,L,L,M
1264,M,H,L,M,L,H,L,H
1265,H,H,M,H,H,H,H,H
1266,L,L,M,L,M,H,M,L
1267,M,M,L,H,M,H,H,M
1268,H,L,H,M,H,L,M,L
1269,L,M,H,L,L,M,L,L
1270,L,L,M,H,M,H,L,L
1271,L,L,H,H,M,M,L,L
1272,H,L,L,H,L,M,M,M
1273,L,H,L,L,L,L,M,M
1274,L,H,L,M,H,H,L,H
1275,M,M,L,L,L,H,L,L
1276,L,H,H,M,H,H,H,M
1277,H,L,L,L,M,L,M,L
1278,L,M,H,H,M,M,L,M
1279,L,M,H,L,H,M,L,L
1280,H,H,L,H,H,L,L,H
1281,M,L,M,H,M,H,H,M
1282,L,H,L,L,L,L,H,M
1283,H,L,H,H,M,M,H,M
1284,H,M,L,L,M,M,M,L
1285,M,L,H,M,L,M,M,L
1286,H,H,L,H,L,H,H,M
1287,L,H,L,L,L,M,M,M
1288,M,L,H,L,M,L,L,L
1289,M,M,H,M,H,L,H,L
1290,M,M,H,M,M,L,L,M
1291,H,H,H,M,H,M,H,M
1292,L,M,L,M,H,H,L,L
1293,M,L,M,M,H,H,L,L
1294,H,M,H,H,L,L,H,M
1295,M,M,L,H,H,L,M,H
1296,M,M,M,L,M,M,M,L
1297,H,M,H,H,L,L,L,M
1298,M,H,L,M,H,M,H,H
1299,L,L,H,H,H,H,H,L
1300,M,L,L,H,M,L,H,M
1301,L,L,L,L,H,M,M,L
1302,L,M,H,L,M,M,H,L
1303,H,L,M,M,H,H,L,L
1304,M,M,L,L,L,L,L,M
1305,M,L,M,L,H,M,H,L
1306,M,L,H,H,L,L,H,M
1307,M,L,H,H,H,L,M,M
1308,L,H,M,H,H,L,L,H
1309,L,M,M,M,H,L,H,L
1310,M,M,M,L,L,L,L,M
1311,H,M,M,H,L,M,L,M
1312,M,M,H,M,L,H,L,M
1313,H,M,H,L,H,M,M,L
1314,L,L,M,M,L,M,L,L
1315,M,L,L,H,L,L,L,M
1316,H,M,L,H,H,L,L,H
1317,M,M,L,M,M,L,M,M
1318,M,H,M,H,L,H,L,H
1319,M,H,L,H,H,L,L,H
1320,H,M,H,L,L,L,M,M
1321,H,H,L,H,L,L,H,H
1322,H,L,M,H,L,H,L,L
1323,L,L,M,M,H,M,M,L
1324,H,L,H,L,H,M,L,L
1325,L,L,M,H,L,M,L,L
1326,M,H,H,M,M,L,M,H
1327,L,L,M,H,M,H,M,L
1328,M,L,H,L,L,L,M,M
1329,H,M,M,M,L,H,H,M
1330,M,H,L,H,H,M,M,H
1331,M,L,M,M,L,H,L,L
1332,H,L,M,M,H,L,L,M
1333,M,L,H,H,H,H,L,L
1334,M,H,M,L,M,H,L,H
1335,H,M,H,H,H,L,L,H
1336,H,L,L,H,H,L,L,M
1337,H,H,H,L,L,H,H,M
1338,L,M,H,H,M,L,M,M
1339,L,H,L,M,M,H,M,M
1340,M,L,M,L,H,H,L,L
1341,L,M,L,L,L,M,M,L
1342,L,L,L,M,L,L,M,M
1343,H,H,L,M,M,L,M,H
1344,H,M,H,L,M,L,H,M
1345,M,L,H,M,H,M,H,L
1346,H,L,M,M,M,H,M,L
1347,H,H,H,L,M,L,L,M
1348,M,L,L,H,L,M,H,M
1349,M,H,H,M,M,H,M,H
1350,L,L,L,H,M,L,H,M
1351,H,H,M,L,L,L,M,M
1352,L,M,M,H,H,L,L,H
1353,L,M,L,L,L,M,H,M
1354,L,L,L,L,L,M,L,L
1355,H,M,L,M,M,M,M,M
1356,L,L,H,L,H,H,M,L
1357,H,M,M,H,L,H,M,M
1358,L,M,H,M,L,M,H,L
1359,L,M,L,M,H,H,H,L
1360,H,M,H,L,M,H,L,L
1361,H,H,L,H,M,L,H,H
1362,M,H,L,H,M,H,L,H
1363,L,H,M,M,L,H,L,H
1364,L,H,H,L,H,H,L,H
1365,L,H,L,M,L,H,M,M
1366,H,L,H,M,M,L,H,M
1367,L,L,L,H,L,M,L,M
1368,H,H,M,M,H,M,M,H
1369,H,M,L,M,H,H,M,M
1370,H,L,H,L,M,M,M,L
1371,H,M,H,H,L,H,M,M
1372,H,L,L,H,L,M,H,M
1373,H,L,H,H,M,M,M,M
1374,M,H,H,M,M,H,L,H
1375,L,M,H,M,L,H,L,L
1376,H,L,H,M,M,L,M,M
1377,M,L,H,M,L,L,L,M
1378,M,M,M,H,L,H,L,M
1379,H,M,H,L,M,M,M,L
1380,L,M,M,H,M,H,H,L
1381,M,M,L,M,M,L,L,M
1382,H,L,H,M,M,H,M,L
1383,M,L,H,M,M,M,M,L
1384,M,H,H,H,H,H,L,H
1385,H,L,M,H,L,H,M,M
1386,M,M,M,L,M,H,L,L
1387,L,L,H,M,L,H,H,L
1388,L,L,L,L,L,M,M,M
1389,M,M,L,M,H,L,H,M
1390,L,M,M,L,M,H,H,L
1391,M,L,H,H,L,H,M,L
1392,H,H,M,L,H,M,M,M
1393,L,L,H,L,M,H,H,L
1394,L,L,M,M,L,M,H,M
1395,L,L,L,M,H,M,M,L
1396,L,L,H,H,H,M,M,L
1397,L,H,L,L,M,M,M,M
1398,H,H,H,L,H,M,M,M
1399,M,M,M,H,L,H,H,M
1400,H,M,L,M,H,M,H,M
1401,M,L,H,H,L,H,H,M
1402,L,M,L,H,H,M,L,H
1403,M,H,L,L,M,L,M,M
1404,H,L,M,L,M,H,H,M
1405,L,L,L,M,H,H,L,L
1406,H,M,H,H,L,M,L,M
1407,M,M,L,M,M,L,H,M
1408,H,L,H,L,M,L,L,M
1409,H,H,M,H,M,H,H,H
1410,H,L,L,L,L,H,L,L
1411,M,H,M,L,H,H,H,M
1412,L,H,L,M,H,L,M,H
1413,M,M,L,L,L,M,M,M
1414,L,M,M,H,H,M,H,M
1415,L,H,H,M,M,L,H,H
1416,H,M,M,L,L,L,M,M
1417,L,M,M,L,M,L,L,L
1418,H,L,H,L,H,M,H,L
1419,H,M,H,L,L,H,L,L
1420,M,M,M,M,H,L,L,M
1421,M,L,M,L,L,M,M,L
1422,M,L,H,H,H,L,H,L
1423,M,H,M,H,H,M,M,H
1424,L,M,L,H,H,L,L,H
1425,H,M,H,L,L,M,M,L
1426,M,H,M,M,L,M,H,M
1427,H,M,M,H,M,L,M,M
1428,L,M,L,H,L,L,H,M
1429,H,L,L,L,M,H,H,M
1430,H,H,L,L,H,M,M,M
1431,H,L,L,H,M,L,H,M
1432,H,H,M,H,L,H,L,H
1433,H,H,M,L,M,L,L,H
1434,H,M,L,M,L,M,H,M
1435,M,M,L,M,L,H,L,L
1436,H,M,L,L,L,M,M,M
1437,L,L,M,M,H,L,H,L
1438,L,L,M,M,H,H,L,L
1439,M,M,M,L,L,M,L,L
1440,L,M,H,H,L,L,L,M
1441,H,M,L,H,M,L,H,M
1442,M,H,L,L,L,L,M,M
1443,H,L,M,L,H,M,M,L
1444,L,L,M,M,H,M,L,L
1445,H,M,M,L,M,H,M,L
1446,L,H,M,L,M,L,M,M
1447,M,H,L,M,H,M,L,H
1448,L,M,L,L,M,M,H,M
1449,M,M,L,M,H,M,M,L
1450,L,H,H,H,L,M,M,H
1451,M,M,M,H,L,M,H,M
1452,M,H,M,L,M,L,H,M
1453,M,L,L,M,H,M,H,M
1454,L,H,M,L,M,H,H,L
1455,H,M,M,M,M,H,H,M
1456,L,H,H,M,H,L,M,H
1457,M,L,H,H,M,H,H,M
1458,M,M,H,M,L,M,H,M
1459,L,M,M,M,M,L,L,M
1460,M,M,H,M,M,H,H,L
1461,M,H,M,H,L,H,H,M
1462,L,M,M,M,M,L,H,L
1463,M,H,L,L,L,M,L,M
1464,L,H,L,L,M,M,H,M
1465,H,L,H,H,H,L,L,M
1466,L,L,M,M,H,L,M,L
1467,H,H,H,L,M,L,M,M
1468,M,M,H,L,H,L,M,L
1469,H,M,M,L,H,L,M,L
1470,L,H,H,M,L,M,L,H
1471,L,L,H,H,H,M,L,L
1472,L,H,H,M,H,M,L,H
1473,H,H,L,H,M,L,M,H
1474,H,H,H,H,M,H,L,H
1475,M,H,H,L,L,M,H,M
1476,L,L,H,H,H,L,L,M
1477,M,L,H,L,M,H,H,L
1478,M,H,L,H,M,L,M,H
1479,L,H,M,M,H,L,L,H
1480,H,M,L,L,L,H,H,M
1481,M,M,M,M,M,M,M,L
1482,H,H,L,M,H,M,H,H
1483,H,M,M,H,H,H,M,M
1484,H,H,H,M,L,M,L,H
1485,M,L,H,L,H,H,L,L
1486,H,L,M,H,L,L,H,M
1487,L,L,H,H,L,L,M,M
1488,M,M,H,M,H,H,L,M
1489,M,L,M,M,L,H,H,M
1490,H,L,M,M,M,H,L,L
1491,H,L,H,L,L,L,L,M
1492,M,L,L,M,M,L,H,M
1493,M,M,H,M,L,L,M,M
1494,L,M,M,L,L,H,M,L
1495,H,M,L,M,M,H,L,M
1496,M,M,L,L,H,L,M,L
1497,H,L,M,H,M,H,M,M
1498,H,M,L,L,M,L,L,M
1499,L,H,M,M,H,M,M,H
1500,L,L,L,M,H,H,M,L
1501,M,L,L,L,M,L,H,M
1502,L,H,L,M,H,L,H,H
1503,L,H,M,H,L,M,L,H
1504,M,L,L,M,L,L,H,M
1505,H,H,L,L,L,H,H,M
1506,L,H,L,H,L,L,H,H
1507,M,M,H,H,L,L,H,M
1508,H,H,H,M,L,M,H,M
1509,M,H,H,H,L,L,L,H
1510,L,L,H,H,L,L,H,M
1511,H,L,M,L,L,L,L,M
1512,M,M,L,H,M,L,M,H
1513,L,H,L,M,L,M,H,M
1514,H,M,H,L,H,M,L,L
1515,L,L,H,L,H,M,L,L
1516,M,L,L,L,L,L,M,M
1517,M,M,H,H,M,H,H,L
1518,L,M,M,M,L,H,H,M
1519,H,H,H,L,H,L,L,H
1520,M,L,L,H,L,L,M,M
1521,L,H,M,M,H,M,L,H
1522,H,L,M,H,H,M,L,L
1523,H,L,L,H,H,H,M,M
1524,M,H,L,L,H,H,H,M
1525,M,M,M,M,H,H,L,M
1526,H,H,H,M,M,H,L,H
1527,L,M,M,M,M,H,H,L
1528,L,H,H,H,L,M,H,H
1529,M,L,L,L,H,H,L,L
1530,H,L,H,M,H,H,M,L
1531,H,M,H,H,M,M,L,M
1532,M,H,M,L,H,L,H,M
1533,H,H,M,L,L,H,H,M
1534,M,M,M,L,L,M,M,L
1535,L,L,M,H,H,H,L,L
1536,H,L,L,H,M,M,H,M
1537,M,H,M,L,L,H,M,M
1538,L,L,L,H,H,H,H,M
1539,M,H,L,M,H,L,M,H
1540,L,H,L,M,M,L,L,H
1541,L,H,L,H,M,H,L,H
1542,L,L,H,H,H,L,M,M
1543,H,M,L,L,M,H,M,L
1544,L,M,M,H,H,H,L,H
1545,M,L,H,M,H,H,L,L
1546,L,H,M,L,L,M,M,M
1547,M,H,M,H,M,L,M,H
1548,M,H,M,L,M,M,M,M
1549,H,L,M,M,L,L,M,M
1550,H,M,L,L,L,H,L,L
1551,M,L,L,H,M,H,H,M
1552,M,L,H,H,M,M,M,M
1553,L,M,H,H,M,H,M,L
1554,M,L,M,H,L,L,L,M
1555,L,L,H,L,L,L,L,L
1556,M,H,H,L,H,H,H,L
1557,M,H,M,M,M,H,M,H
1558,H,M,H,H,M,H,M,M
1559,M,M,H,M,L,H,H,L
1560,M,L,H,H,M,H,M,L
1561,M,H,H,M,H,M,L,H
1562,L,H,L,H,H,M,H,H
1563,H,L,M,L,M,H,M,L
1564,L,H,H,L,M,H,L,M
1565,L,M,H,M,M,M,H,L
1566,H,H,H,L,H,M,H,M
1567,H,H,H,H,H,L,L,H
1568,H,H,M,H,H,L,H,H
1569,H,H,M,M,M,M,M,H
1570,M,L,M,M,L,M,M,M
1571,M,M,L,M,L,L,L,M
1572,M,L,H,H,L,M,M,M
1573,H,H,L,M,L,H,M,M
1574,L,M,M,M,M,H,M,L
1575,M,M,M,H,M,H,H,M
1576,L,H,H,H,M,H,H,H
1577,L,M,L,L,L,H,L,L
1578,M,M,M,L,M,L,H,M
1579,L,L,H,L,M,M,M,L
1580,L,H,H,L,M,M,L,H
1581,M,M,M,M,L,L,M,M
1582,M,H,M,M,H,H,M,H
1583,L,H,M,H,M,M,L,H
1584,H,L,H,M,H,L,H,M
1585,H,L,M,L,H,L,H,L
1586,H,H,L,M,L,L,M,H
1587,M,H,H,H,M,L,H,H
1588,H,H,L,M,L,L,L,H
1589,H,H,M,H,L,H,M,H
1590,H,H,H,M,H,H,M,H
1591,H,H,L,M,L,M,H,M
1592,M,L,M,H,H,H,M,L
1593,H,L,L,H,M,H,H,M
1594,M,H,M,M,H,H,H,M
1595,L,M,M,M,M,M,H,L
1596,L,H,H,H,H,L,L,H
1597,H,L,M,H,M,M,H,M
1598,H,L,M,L,L,H,H,M
1599,M,H,H,H,H,L,M,H
1600,H,L,H,H,L,M,M,M
1601,L,M,H,L,H,H,M,L
1602,M,L,H,L,H,L,L,L
1603,M,M,H,L,M,L,M,L
1604,L,M,H,H,L,M,L,M
1605,H,L,L,H,L,H,L,L
1606,L,M,H,H,M,L,H,M
1607,H,L,M,L,M,L,M,L
1608,M,L,M,M,H,L,H,M
1609,M,M,H,L,M,L,L,L
1610,H,M,M,H,H,M,H,M
1611,H,M,L,M,M,L,L,M
1612,M,M,H,M,L,M,L,L
1613,H,H,L,L,M,H,H,M
1614,L,M,M,L,M,L,M,L
1615,L,L,L,H,L,H,M,M
1616,H,L,H,H,L,L,H,M
1617,H,M,L,L,H,H,M,L
1618,H,L,L,M,L,L,H,M
1619,M,L,H,H,L,H,L,L
1620,H,M,M,M,H,M,H,M
1621,M,H,L,H,M,H,M,H
1622,M,M,M,M,L,L,H,M
1623,L,H,L,H,H,H,H,H
1624,L,H,H,M,L,M,M,M
1625,H,M,L,H,L,M,M,M
1626,L,L,H,M,H,L,H,L
1627,L,H,M,H,L,L,M,H
1628,M,H,L,H,L,H,M,H
1629,L,H,L,L,H,L,M,H
1630,H,M,H,L,L,L,H,M
1631,L,H,H,L,M,L,L,H
1632,H,M,M,H,H,L,H,M
1633,M,L,M,H,H,M,L,L
1634,H,M,L,L,H,M,H,L
1635,M,M,L,M,L,H,M,M
1636,H,H,H,L,M,H,H,M
1637,M,L,L,L,L,L,L,L
1638,H,H,M,H,L,H,H,M
1639,M,L,L,L,M,H,M,L
1640,M,M,L,M,M,M,M,M
1641,M,L,H,H,M,L,M,M
1642,L,M,H,L,L,L,L,L
1643,H,M,M,L,M,H,L,L
1644,M,M,L,L,H,H,L,M
1645,H,M,M,M,L,M,M,M
1646,H,L,H,H,H,H,L,L
1647,L,L,L,L,L,H,L,L
1648,L,L,L,L,H,H,H,L
1649,L,H,L,L,L,H,L,M
1650,M,M,H,M,H,L,M,L
1651,L,M,M,L,M,M,L,L
1652,H,M,H,L,L,M,L,L
1653,H,M,M,M,M,L,M,M
1654,M,L,H,L,M,L,H,L
1655,H,H,M,H,M,L,H,H
1656,L,M,H,M,H,H,H,L
1657,L,H,L,M,H,H,M,H
1658,L,M,M,H,H,L,M,H
1659,L,H,H,L,H,L,L,H
1660,M,L,H,L,H,L,M,L
1661,L,H,H,H,L,L,M,H
1662,H,L,H,L,M,H,M,L
1663,L,L,H,L,M,L,M,L
1664,H,H,L,L,H,L,H,M
1665,H,H,L,H,M,L,L,H
1666,H,M,M,M,M,H,M,M
1667,L,L,H,H,M,L,H,M
1668,M,L,M,L,M,H,H,M
1669,H,M,H,M,M,L,L,M
1670,M,L,L,M,L,H,H,M
1671,L,L,H,M,M,L,M,L
1672,L,H,L,L,M,H,H,L
1673,L,L,M,M,M,H,M,L
1674,H,L,L,H,M,M,L,M
1675,H,M,M,L,H,H,L,M
1676,H,H,H,M,L,H,L,H
1677,H,H,M,H,L,L,H,H
1678,L,H,L,H,L,L,L,H
1679,H,M,M,L,M,L,M,L
1680,L,L,M,L,L,H,M,L
1681,H,M,L,H,H,M,M,H
1682,M,L,H,H,H,M,L,L
1683,M,L,H,L,M,H,M,L
1684,L,M,M,L,H,H,H,L
1685,M,L,M,H,L,H,M,L
1686,H,M,M,L,M,M,M,L
1687,M,M,H,H,M,H,M,L
1688,M,L,M,L,H,M,M,L
1689,M,L,L,L,M,L,L,L
1690,L,H,H,H,M,M,L,H
1691,M,H,L,H,M,L,L,H
1692,M,L,L,L,H,M,L,L
1693,L,M,M,M,H,M,H,L
1694,M,M,L,L,H,H,H,L
1695,H,H,H,L,H,H,M,M
1696,M,M,H,H,L,H,M,L
1697,H,M,H,L,M,M,H,M
1698,L,L,H,H,L,H,L,L
1699,L,L,H,L,L,M,M,L
1700,L,H,H,M,L,L,H,M
1701,L,L,L,H,M,M,M,M
1702,M,M,M,H,H,M,L,H
1703,L,M,M,H,L,H,L,M
1704,M,M,L,H,L,L,M,M
1705,M,H,M,M,L,H,M,H
1706,L,H,M,M,H,L,H,H
1707,L,M,L,H,M,H,L,M
1708,H,M,L,L,L,L,M,M
1709,H,L,L,L,M,M,M,L
1710,M,H,M,M,M,H,H,M
1711,L,H,M,H,H,H,L,H
1712,L,L,M,M,M,L,L,L
1713,H,H,H,M,L,L,L,H
1714,L,L,L,H,M,M,H,M
1715,H,L,M,M,M,M,H,M
1716,M,L,M,H,H,H,L,L
1717,H,M,L,L,H,M,M,L
1718,L,H,M,L,H,M,H,L
1719,M,M,M,L,L,H,M,L
1720,L,H,L,L,H,H,H,M
1721,L,L,L,M,L,L,L,M
1722,L,M,H,L,L,M,M,L
1723,H,H,M,L,M,H,L,H
1724,L,M,H,H,H,L,H,M
1725,H,H,H,M,M,H,H,M
1726,L,H,H,H,M,M,H,H
1727,H,H,L,H,H,M,L,H
1728,M,M,M,L,M,L,L,L
1729,L,H,H,M,M,L,M,H
1730,L,M,L,M,H,L,H,M
1731,L,M,H,M,H,L,M,L
1732,M,M,L,H,L,M,H,M
1733,H,H,H,M,H,L,H,H
1734,H,H,M,M,L,H,M,H
1735,M,L,L,L,L,L,H,M
1736,M,L,M,L,H,H,M,L
1737,L,M,L,H,M,L,M,H
1738,H,M,H,L,H,M,H,L
1739,H,M,M,M,H,L,M,L
1740,H,M,H,M,M,H,M,L
1741,L,M,M,L,H,M,L,L
1742,L,H,H,H,M,H,L,H
1743,H,L,L,M,M,L,M,M
1744,M,H,M,M,H,M,M,H
1745,M,H,M,M,H,H,L,H
1746,L,L,M,L,L,L,L,L
1747,H,M,L,H,M,H,M,M
1748,M,L,M,M,L,M,H,M
1749,L,M,H,H,H,H,H,L
1750,L,L,L,L,L,M,H,M
1751,M,H,M,L,M,M,L,H
1752,L,M,M,L,H,H,L,L
1753,M,M,L,M,L,M,L,M
1754,M,M,M,M,L,M,H,M
1755,M,L,L,H,M,H,L,L
1756,M,L,H,L,L,H,H,M
1757,H,M,L,L,H,H,H,L
1758,M,H,H,H,M,M,L,H
1759,M,L,M,M,H,M,L,L
1760,M,M,H,M,H,M,H,L
1761,L,H,M,L,H,L,H,M
1762,H,L,H,H,L,M,H,M
1763,M,M,M,M,M,H,H,M
1764,M,M,M,H,L,L,L,M
1765,M,L,M,M,H,M,H,M
1766,H,L,H,M,H,M,M,L
1767,L,M,M,L,H,L,L,L
1768,H,M,H,L,H,H,H,L
1769,H,H,M,L,M,M,H,M
1770,L,L,L,H,H,M,L,L
1771,L,L,H,L,H,L,H,L
1772,M,H,L,H,L,M,H,H
1773,L,H,M,H,L,M,H,H
1774,M,H,H,L,M,M,M,M
1775,M,M,M,M,H,M,M,L
1776,L,M,L,M,L,H,L,L
1777,L,M,M,H,M,L,H,M
1778,H,L,L,H,H,M,L,L
1779,H,L,H,H,L,M,L,M
1780,M,M,M,L,L,H,H,M
1781,H,L,L,M,L,M,M,M
1782,L,H,M,H,L,L,H,H
1783,M,M,H,H,H,M,L,H
1784,L,L,L,L,M,M,H,M
1785,M,L,M,L,L,H,M,L
1786,L,L,L,M,H,H,H,M
1787,M,H,M,H,M,M,H,H
1788,M,L,M,H,M,H,L,L
1789,M,H,H,H,H,H,M,H
1790,H,H,L,M,M,H,M,M
1791,L,M,L,M,H,M,H,L
1792,H,L,H,M,L,L,H,M
1793,H,H,M,H,M,M,H,H
1794,M,L,M,L,M,M,H,M
1795,M,H,L,H,L,L,L,H
1796,M,H,L,H,H,M,H,H
1797,M,H,H,L,L,M,M,M
1798,H,L,L,H,L,M,L,M
1799,M,H,L,M,H,M,M,H
1800,M,H,M,L,M,H,M,M
1801,H,H,M,L,H,L,L,H
1802,M,M,M,H,H,L,M,H
1803,L,M,M,L,L,M,M,L
1804,L,L,M,M,M,M,M,L
1805,L,L,L,H,L,L,L,M
1806,M,H,M,M,H,M,L,H
1807,M,H,M,L,L,L,L,M
1808,H,L,L,L,H,H,H,L
1809,M,M,L,H,L,M,M,M
1810,H,M,L,M,H,H,L,M
1811,M,H,L,L,L,L,L,M
1812,M,L,M,L,L,L,L,M
1813,H,H,H,H,L,M,H,M
1814,L,M,H,M,M,H,M,L
1815,M,H,H,M,M,H,H,M
1816,L,H,H,M,H,M,H,H
1817,H,M,M,H,M,M,L,M
1818,M,M,L,H,H,M,L,H
1819,M,L,M,L,H,M,L,L
1820,H,L,L,L,L,L,H,M
1821,M,H,H,L,H,H,M,M
1822,L,H,H,L,M,H,M,M
1823,L,M,L,H,L,H,L,M
1824,M,H,M,M,H,M,H,H
1825,M,H,L,L,H,M,H,M
1826,H,H,M,H,H,M,L,H
1827,M,M,L,L,M,L,H,M
1828,H,L,H,L,M,L,H,M
1829,M,L,L,M,L,L,M,M
1830,H,M,M,H,L,M,M,M
1831,L,M,H,M,M,M,L,L
1832,L,H,M,L,L,M,L,M
1833,L,H,M,H,L,H,L,H
1834,H,L,L,L,M,L,L,L
1835,M,H,M,H,M,H,H,H
1836,L,L,H,M,H,M,M,L
1837,L,L,L,L,H,L,M,L
1838,M,M,L,H,M,L,L,H
1839,M,L,M,L,L,H,H,M
1840,L,M,L,H,M,M,H,M
1841,L,H,L,M,L,L,M,H
1842,L,M,H,M,M,L,M,L
1843,H,M,L,L,L,M,L,M
1844,H,M,H,L,H,H,M,L
1845,H,H,H,M,L,H,H,M
1846,M,M,H,L,H,H,H,L
1847,H,M,M,H,L,L,L,M
1848,L,H,L,L,H,H,M,M
1849,L,M,H,H,L,M,M,L
1850,H,M,H,L,M,H,H,L
1851,H,H,L,L,M,H,M,M
1852,H,H,M,L,L,L,L,M
1853,M,L,H,M,L,H,H,M
1854,L,H,L,H,M,M,H,H
1855,L,H,H,M,L,L,L,H
1856,L,H,M,L,H,L,M,H
1857,L,L,H,M,H,M,L,L
1858,H,H,M,H,L,M,H,H
1859,H,H,H,L,M,M,L,H
1860,H,L,L,M,M,M,L,L
1861,M,L,L,L,M,H,L,L
1862,H,L,H,L,L,L,H,M
1863,H,M,L,M,H,L,H,M
1864,L,L,M,L,L,M,L,L
1865,L,H,L,L,H,M,L,H
1866,M,L,L,H,L,H,H,M
1867,L,H,M,L,M,H,M,M
1868,L,L,L,H,H,L,L,M
1869,L,L,L,M,L,M,L,L
1870,L,H,H,M,L,M,H,M
1871,L,H,L,M,H,L,L,H
1872,H,M,L,H,M,L,M,M
1873,H,L,M,H,H,M,H,M
1874,L,M,M,H,M,M,L,H
1875,L,L,L,M,M,M,L,L
1876,M,H,H,H,H,M,L,H
1877,L,L,L,H,M,H,L,L
1878,M,L,L,M,M,H,M,M
1879,M,H,L,M,H,L,H,H
1880,H,L,M,H,L,M,H,M
1881,H,M,H,M,L,M,L,M
1882,H,H,H,M,L,M,M,M
1883,L,M,M,H,H,L,H,H
1884,L,H,M,L,M,H,L,M
1885,L,H,L,M,L,L,L,H
1886,H,H,M,L,L,M,L,H
1887,M,L,H,H,M,L,L,M
1888,H,L,M,M,L,M,H,M
1889,M,H,M,M,L,H,H,M
1890,H,H,M,L,H,H,H,M
1891,L,M,H,H,L,H,L,M
1892,M,H,H,H,L,H,M,H
1893,H,L,L,L,M,M,L,L
1894,L,L,L,M,L,H,M,L
1895,L,M,H,H,H,M,M,M
1896,H,L,L,M,L,H,H,M
1897,H,H,L,H,M,H,H,H
1898,M,H,L,L,H,L,L,H
1899,H,L,L,L,H,M,H,L
1900,H,H,M,M,H,M,L,H
1901,M,H,H,H,M,H,L,H
1902,H,M,H,H,M,L,M,M
1903,M,L,H,L,H,M,L,L
1904,H,H,M,L,M,L,H,M
1905,H,M,M,H,L,L,H,M
1906,L,M,M,H,M,L,L,H
1907,H,L,L,L,L,H,M,L
1908,H,M,L,L,M,H,H,M
1909,M,L,H,M,H,L,M,L
1910,L,L,M,H,M,L,L,L
1911,H,M,H,L,M,H,M,L
1912,L,H,H,H,H,H,L,H
1913,M,M,H,L,L,H,M,L
1914,M,M,H,H,L,H,H,L
1915,H,L,L,L,L,L,M,M
1916,L,L,H,H,H,M,H,L
1917,L,H,L,L,L,H,M,L
1918,L,L,L,M,M,M,M,M
1919,L,H,L,H,H,L,L,H
1920,M,H,M,L,H,H,L,H
1921,M,H,M,H,H,L,L,H
1922,H,L,L,H,L,H,M,M
1923,L,L,L,L,L,L,M,M
1924,H,M,L,M,L,H,H,M
1925,M,L,L,H,H,M,H,M
1926,M,H,H,L,M,M,H,L
1927,H,M,H,H,M,H,H,M
1928,L,M,L,M,M,M,L,L
1929,H,H,L,H,H,L,M,H
1930,L,L,H,M,L,M,M,L
1931,H,M,L,H,H,L,M,H
1932,H,L,M,H,H,L,M,M
1933,L,L,M,H,L,H,L,L
1934,H,L,L,H,M,L,M,M
1935,L,M,M,M,M,M,M,L
1936,H,L,L,L,H,L,H,L
1937,L,H,M,H,H,M,H,H
1938,M,H,L,M,L,H,M,M
1939,M,L,L,L,H,H,M,L
1940,H,H,L,L,M,L,H,M
1941,M,L,M,H,L,L,H,M
1942,H,L,H,H,L,H,H,M
1943,H,M,L,L,L,L,H,M
1944,L,H,L,H,M,L,L,H
1945,L,H,M,M,H,H,L,H
1946,L,M,L,L,M,H,M,L
1947,H,L,M,L,M,L,L,M
1948,L,L,L,H,M,M,L,L
1949,H,M,L,H,L,H,M,M
1950,L,L,H,H,M,H,L,L
1951,M,H,M,H,L,M,H,H
1952,M,L,L,M,M,M,L,L
1953,M,L,L,L,L,H,M,L
1954,L,H,M,M,L,M,M,M
1955,L,L,M,L,M,H,H,M
1956,H,M,M,H,M,M,H,M
1957,H,M,M,M,H,M,M,M
1958,H,H,M,M,M,L,L,H
1959,H,L,M,L,H,H,H,L
1960,H,M,H,H,H,L,M,H
1961,H,M,M,L,L,M,M,M
1962,M,H,H,M,L,L,L,H
1963,H,H,L,H,L,M,L,H
1964,M,H,M,M,M,M,L,H
1965,M,L,H,M,M,H,H,M
1966,M,H,M,M,M,L,M,H
1967,H,H,L,M,H,L,H,H
1968,M,H,H,L,L,L,M,M
1969,H,L,L,L,H,L,M,L
1970,H,H,L,M,L,H,H,M
1971,M,M,L,M,L,L,H,M
1972,L,H,L,M,M,L,M,H
1973,H,H,M,M,H,H,L,H
1974,L,H,M,H,H,H,M,H
1975,H,L,L,L,M,L,H,M
1976,H,L,L,M,H,H,H,M
1977,L,M,L,H,M,M,L,H
1978,L,L,M,H,M,L,H,M
1979,H,L,L,M,M,M,H,M
1980,L,M,H,L,M,H,H,L
1981,M,H,M,L,L,H,L,M
1982,M,M,M,M,H,M,H,L
1983,L,H,H,H,M,M,M,H
1984,H,L,L,H,H,M,M,M
1985,M,H,L,H,L,H,L,H
1986,M,M,H,M,L,L,H,M
1987,L,L,M,H,H,H,H,L
1988,M,L,L,M,H,H,L,L
1989,H,M,H,M,H,L,H,L
1990,H,L,H,H,M,L,M,M
1991,L,M,M,L,L,L,L,L
1992,L,L,M,L,M,H,L,L
1993,L,M,H,M,H,L,H,L
1994,H,M,L,H,L,M,H,M
1995,M,M,M,M,M,L,M,L
1996,L,H,L,L,H,M,H,M
1997,M,H,H,H,M,M,M,H
1998,H,L,H,L,H,L,L,L
1999,H,M,M,H,L,M,H,M
2000,L,H,L,M,H,M,M,H
2001,H,M,H,L,M,L,L,M
2002,M,H,M,L,H,L,L,H
2003,M,M,M,L,H,L,M,L
2004,H,M,L,L,H,L,L,M
2005,L,L,L,H,L,H,H,M
2006,H,L,H,M,L,H,L,L
2007,M,L,M,H,M,H,M,L
2008,H,H,M,L,M,L,M,M
2009,L,H,M,L,M,M,H,L
2010,H,H,M,H,H,H,L,H
2011,M,M,H,L,L,L,H,M
2012,H,L,M,M,H,M,H,M
2013,M,L,L,L,L,M,M,M
2014,M,H,M,H,H,M,L,H
2015,H,H,L,L,L,L,M,M
2016,L,H,L,H,H,L,H,H
2017,M,H,H,H,M,L,M,H
2018,L,H,H,H,M,L,H,H
2019,L,M,L,M,L,L,M,M
2020,L,M,L,M,L,M,H,M
2021,M,H,H,H,H,M,M,H
2022,M,M,M,L,M,L,M,L
2023,H,L,L,M,L,L,M,M
2024,H,M,M,M,L,M,L,M
2025,M,L,M,H,L,H,H,M
2026,L,M,L,H,L,L,M,M
2027,L,M,M,H,H,H,H,L
2028,L,M,H,H,M,H,H,L
2029,H,L,L,M,L,M,L,M
2030,H,L,M,H,M,M,M,M
2031,M,M,H,H,L,H,L,M
2032,H,M,M,H,H,L,M,H
2033,L,H,L,H,H,L,M,H
2034,H,M,M,M,M,M,M,M
2035,L,L,M,L,H,L,M,L
2036,M,H,H,H,H,M,H,H
2037,H,H,L,L,H,H,L,H
2038,M,L,H,H,H,L,L,M
2039,L,H,M,H,M,L,L,H
2040,M,H,L,H,H,H,H,H
2041,M,H,M,H,M,L,H,H
2042,M,H,M,H,L,M,M,H
2043,H,L,H,L,M,L,M,L
2044,H,L,L,L,H,H,L,L
2045,H,H,H,M,H,M,L,H
2046,L,L,M,M,H,M,H,L
2047,M,M,M,L,H,L,L,L
2048,M,M,L,H,H,H,L,H
2049,M,H,H,M,M,M,H,M
2050,M,L,H,H,M,L,H,M
2051,H,H,H,L,M,H,L,H
2052,L,M,L,L,H,M,H,L
2053,H,H,H,M,H,L,L,H
2054,L,M,L,M,L,L,L,M
2055,L,L,L,M,M,M,H,M
2056,H,M,L,L,H,L,M,L
2057,L,L,L,L,H,H,L,L
2058,H,H,M,H,L,L,L,H
2059,H,L,M,M,H,M,M,L
2060,L,M,H,M,M,L,H,L
2061,L,L,M,H,L,L,H,M
2062,H,L,L,M,H,H,M,L
2063,H,M,H,M,M,L,H,M
2064,M,M,H,M,M,H,L,M
2065,H,H,L,L,L,L,H,M
2066,L,M,L,L,H,L,L,L
2067,M,L,H,H,M,M,H,M
2068,L,H,H,M,L,H,L,H
2069,M,H,H,M,L,H,L,H
2070,H,M,M,L,H,M,M,L
2071,L,L,L,H,H,H,L,L
2072,H,M,L,L,H,M,L,M
2073,L,M,M,L,M,M,H,L
2074,L,H,L,L,M,H,L,M
2075,H,L,M,L,M,H,L,L
2076,H,M,M,M,H,H,H,M
2077,L,H,M,H,L,H,M,H
2078,L,H,M,L,H,M,M,M
2079,M,L,M,M,M,H,L,L
2080,H,L,M,L,L,L,H,M
2081,H,H,M,H,M,L,L,H
2082,M,M,M,L,L,L,M,M
2083,L,L,M,M,M,L,H,M
2084,M,H,M,M,L,L,L,H
2085,M,M,H,L,L,M,M,L
2086,L,M,H,H,L,H,H,L
2087,L,M,M,H,M,L,M,M
2088,M,M,M,H,M,L,M,M
2089,H,M,H,M,M,H,H,M
2090,L,M,H,H,M,M,H,L
2091,H,L,H,H,M,M,L,M
2092,H,H,H,L,H,M,L,H
2093,H,M,M,M,M,M,L,M
2094,H,L,H,M,L,L,M,M
2095,L,L,M,L,M,M,H,M
2096,L,M,L,H,M,H,M,M
2097,L,H,H,L,M,H,H,L
2098,L,L,H,L,M,L,L,L
2099,M,H,M,H,H,L,M,H
2100,H,L,L,H,M,L,L,M
2101,H,L,L,M,M,L,H,M
2102,M,M,M,L,H,L,H,L
2103,H,H,H,H,L,H,L,H
2104,L,H,H,L,L,M,L,M
2105,H,H,M,H,M,M,L,H
2106,L,M,H,M,M,H,H,L
2107,H,L,M,H,M,L,L,M
2108,L,M,L,H,L,M,M,M
2109,H,M,L,H,L,M,L,M
2110,L,L,M,M,M,M,L,L
2111,H,M,H,M,L,M,M,M
2112,H,H,M,M,L,L,H,M
2113,L,L,M,M,L,L,M,M
2114,H,H,L,H,M,H,M,H
2115,M,H,H,L,H,M,L,H
2116,L,L,H,L,L,M,H,M
2117,M,L,H,L,M,M,H,M
2118,L,L,H,H,M,L,L,L
2119,H,H,L,L,H,H,M,M
2120,H,L,M,L,L,L,M,M
2121,M,M,L,L,L,M,H,M
2122,H,L,L,H,H,L,H,M
2123,H,L,H,M,M,M,H,M
2124,M,H,H,L,M,L,H,L
2125,H,L,L,H,L,H,H,M
2126,H,M,L,H,M,H,H,M
2127,L,M,M,H,L,L,M,M
2128,H,M,L,L,L,L,L,M
2129,M,H,M,H,L,L,M,H
2130,M,M,L,L,M,H,H,M
2131,M,L,L,M,L,M,H,M
2132,L,L,L,M,L,L,H,M
2133,H,M,M,L,H,H,M,L
2134,H,M,M,H,H,M,L,H
2135,L,H,L,L,H,M,M,M
2136,L,H,H,M,H,H,L,H
2137,M,H,H,L,M,L,L,H
2138,L,M,H,L,M,L,L,L
2139,L,L,L,H,L,L,H,M
2140,L,H,L,M,L,M,L,H
2141,H,M,M,L,M,M,L,M
2142,H,H,L,M,M,L,H,H
2143,H,H,M,L,M,M,M,M
2144,M,L,M,M,H,H,H,M
2145,L,L,H,L,M,M,H,L
2146,M,H,H,L,L,L,H,M
2147,H,H,H,L,L,L,M,M
2148,M,H,L,M,L,L,H,M
2149,M,L,H,M,M,L,H,M
2150,M,H,H,M,L,H,M,H
2151,H,H,L,H,L,M,H,H
2152,L,H,H,M,H,L,L,H
2153,L,L,M,H,H,M,M,L
2154,L,L,H,H,L,L,L,M
2155,M,M,L,M,M,M,L,M
2156,M,H,H,M,H,H,H,M
2157,H,H,L,L,L,L,L,M
2158,L,L,M,L,M,L,H,L
2159,L,L,L,L,L,H,M,L
2160,H,M,H,L,H,H,L,L
2161,M,L,H,L,M,L,M,L
2162,L,M,H,H,H,M,L,H
2163,H,H,H,M,H,H,L,H
2164,L,L,H,M,H,H,M,L
2165,L,H,L,M,M,M,H,M
2166,H,H,L,L,L,M,M,M
2167,M,H,M,H,L,H,M,H
2168,L,L,L,L,M,M,M,L
2169,L,M,L,L,H,M,L,L
2170,M,M,L,M,H,H,L,M
2171,M,H,H,M,H,L,M,H
2172,M,M,L,H,M,M,L,H
2173,L,H,M,H,M,H,H,H
2174,H,L,M,H,H,L,L,M
2175,L,M,H,H,L,H,M,L
2176,L,L,M,H,H,M,H,L
2177,L,H,L,L,M,L,H,M
2178,L,H,H,L,M,L,M,M
2179,H,L,L,H,M,M,M,M
2180,M,L,L,H,H,M,M,M
2181,L,L,H,M,L,H,M,L
2182,L,H,H,M,M,H,L,H
2183,M,M,L,L,H,M,L,M
2184,L,L,L,H,H,H,M,L
2185,H,H,H,H,H,L,H,H
2186,L,L,L,H,M,H,M,M
